canonical_id,split,split_source,coverage_group,in_cholec80,in_cholect50,in_endoscapes,has_cholec80_cvs,cholec80_tool_presence,has_endoscapes_cvs,has_endoscapes_bbox,labels_available,cholec80_frames,cholect50_frames,endoscapes_frames,endoscapes_public_ids,notes
VID01,train,camma_strategy:CholecT50_splits.json+Endoscapes_splits.json+Cholec80_splits.json,G2,1,1,0,1,1,0,0,triplet|instrument|verb|target|phase|tool_presence|cvs_cholec80,1733,1734,0,,"frame_count_mismatch: cholec80=1733, cholect50=1734"
VID02,train,camma_strategy:CholecT50_splits.json+Endoscapes_splits.json+Cholec80_splits.json,G2,1,1,0,1,1,0,0,triplet|instrument|verb|target|phase|tool_presence|cvs_cholec80,2839,2840,0,,"frame_count_mismatch: cholec80=2839, cholect50=2840"
VID03,train,camma_strategy:CholecT50_splits.json+Endoscapes_splits.json+Cholec80_splits.json,G6,1,0,0,1,1,0,0,phase|tool_presence|cvs_cholec80,5828,0,0,,
VID04,train,camma_strategy:CholecT50_splits.json+Endoscapes_splits.json+Cholec80_splits.json,G2,1,1,0,1,1,0,0,triplet|instrument|verb|target|phase|tool_presence|cvs_cholec80,1522,1523,0,,"frame_count_mismatch: cholec80=1522, cholect50=1523"
ENDO_5,train,camma_strategy:CholecT50_splits.json+Endoscapes_splits.json+Cholec80_splits.json,G7,0,0,1,0,0,1,1,cvs_endoscapes|anatomy_bbox,0,0,63,5,
VID05,train,camma_strategy:CholecT50_splits.json+Endoscapes_splits.json+Cholec80_splits.json,G2,1,1,0,1,1,0,0,triplet|instrument|verb|target|phase|tool_presence|cvs_cholec80,2344,2345,0,,"frame_count_mismatch: cholec80=2344, cholect50=2345"
ENDO_6,train,camma_strategy:CholecT50_splits.json+Endoscapes_splits.json+Cholec80_splits.json,G7,0,0,1,0,0,1,1,cvs_endoscapes|anatomy_bbox,0,0,723,6,
VID06,test,camma_strategy:CholecT50_splits.json+Endoscapes_splits.json+Cholec80_splits.json,G2,1,1,0,1,1,0,0,triplet|instrument|verb|target|phase|tool_presence|cvs_cholec80,2153,2154,0,,"frame_count_mismatch: cholec80=2153, cholect50=2154"
VID07,train,camma_strategy:CholecT50_splits.json+Endoscapes_splits.json+Cholec80_splits.json,G6,1,0,0,1,1,0,0,phase|tool_presence|cvs_cholec80,4557,0,0,,
ENDO_8,train,camma_strategy:CholecT50_splits.json+Endoscapes_splits.json+Cholec80_splits.json,G7,0,0,1,0,0,1,1,cvs_endoscapes|anatomy_bbox,0,0,153,8,
VID08,val,camma_strategy:CholecT50_splits.json+Endoscapes_splits.json+Cholec80_splits.json,G2,1,1,0,1,1,0,0,triplet|instrument|verb|target|phase|tool_presence|cvs_cholec80,1519,1520,0,,"frame_count_mismatch: cholec80=1519, cholect50=1520"
ENDO_9,train,camma_strategy:CholecT50_splits.json+Endoscapes_splits.json+Cholec80_splits.json,G7,0,0,1,0,0,1,1,cvs_endoscapes|anatomy_bbox,0,0,63,9,
VID09,train,camma_strategy:CholecT50_splits.json+Endoscapes_splits.json+Cholec80_splits.json,G6,1,0,0,1,1,0,0,phase|tool_presence|cvs_cholec80,2702,0,0,,
VID10,test,camma_strategy:CholecT50_splits.json+Endoscapes_splits.json+Cholec80_splits.json,G2,1,1,0,1,1,0,0,triplet|instrument|verb|target|phase|tool_presence|cvs_cholec80,1749,1750,0,,"frame_count_mismatch: cholec80=1749, cholect50=1750"
VID11,train,camma_strategy:CholecT50_splits.json+Endoscapes_splits.json+Cholec80_splits.json,G6,1,0,0,1,1,0,0,phase|tool_presence|cvs_cholec80,3220,0,0,,
ENDO_12,train,camma_strategy:CholecT50_splits.json+Endoscapes_splits.json+Cholec80_splits.json,G7,0,0,1,0,0,1,1,cvs_endoscapes|anatomy_bbox,0,0,603,12,
VID12,val,camma_strategy:CholecT50_splits.json+Endoscapes_splits.json+Cholec80_splits.json,G2,1,1,0,1,1,0,0,triplet|instrument|verb|target|phase|tool_presence|cvs_cholec80,1090,1091,0,,"frame_count_mismatch: cholec80=1090, cholect50=1091"
ENDO_13,train,camma_strategy:CholecT50_splits.json+Endoscapes_splits.json+Cholec80_splits.json,G7,0,0,1,0,0,1,1,cvs_endoscapes|anatomy_bbox,0,0,153,13,
VID13,train,camma_strategy:CholecT50_splits.json+Endoscapes_splits.json+Cholec80_splits.json,G2,1,1,0,1,1,0,0,triplet|instrument|verb|target|phase|tool_presence|cvs_cholec80,981,982,0,,"frame_count_mismatch: cholec80=981, cholect50=982"
VID14,test,camma_strategy:CholecT50_splits.json+Endoscapes_splits.json+Cholec80_splits.json,G2,1,1,0,1,1,0,0,triplet|instrument|verb|target|phase|tool_presence|cvs_cholec80,1708,1709,0,,"frame_count_mismatch: cholec80=1708, cholect50=1709"
ENDO_15,train,camma_strategy:CholecT50_splits.json+Endoscapes_splits.json+Cholec80_splits.json,G7,0,0,1,0,0,1,1,cvs_endoscapes|anatomy_bbox,0,0,633,15,
VID15,train,camma_strategy:CholecT50_splits.json+Endoscapes_splits.json+Cholec80_splits.json,G2,1,1,0,1,1,0,0,triplet|instrument|verb|target|phase|tool_presence|cvs_cholec80,2058,2059,0,,"frame_count_mismatch: cholec80=2058, cholect50=2059"
VID16,train,camma_strategy:CholecT50_splits.json+Endoscapes_splits.json+Cholec80_splits.json,G6,1,0,0,1,1,0,0,phase|tool_presence|cvs_cholec80,2957,0,0,,
ENDO_17,train,camma_strategy:CholecT50_splits.json+Endoscapes_splits.json+Cholec80_splits.json,G7,0,0,1,0,0,1,1,cvs_endoscapes|anatomy_bbox,0,0,363,17,
VID17,train,camma_strategy:CholecT50_splits.json+Endoscapes_splits.json+Cholec80_splits.json,G6,1,0,0,1,1,0,0,phase|tool_presence|cvs_cholec80,1304,0,0,,
ENDO_18,train,camma_strategy:CholecT50_splits.json+Endoscapes_splits.json+Cholec80_splits.json,G7,0,0,1,0,0,1,1,cvs_endoscapes|anatomy_bbox,0,0,363,18,
VID18,train,camma_strategy:CholecT50_splits.json+Endoscapes_splits.json+Cholec80_splits.json,G2,1,1,0,1,1,0,0,triplet|instrument|verb|target|phase|tool_presence|cvs_cholec80,1942,1943,0,,"frame_count_mismatch: cholec80=1942, cholect50=1943"
VID19,train,camma_strategy:CholecT50_splits.json+Endoscapes_splits.json+Cholec80_splits.json,G6,1,0,0,1,1,0,0,phase|tool_presence|cvs_cholec80,2424,0,0,,
ENDO_20,train,camma_strategy:CholecT50_splits.json+Endoscapes_splits.json+Cholec80_splits.json,G7,0,0,1,0,0,1,1,cvs_endoscapes|anatomy_bbox,0,0,153,20,
VID20,train,camma_strategy:CholecT50_splits.json+Endoscapes_splits.json+Cholec80_splits.json,G6,1,0,0,1,1,0,0,phase|tool_presence|cvs_cholec80,1449,0,0,,
ENDO_21,train,camma_strategy:CholecT50_splits.json+Endoscapes_splits.json+Cholec80_splits.json,G7,0,0,1,0,0,1,1,cvs_endoscapes|anatomy_bbox,0,0,1143,21,
VID21,train,camma_strategy:CholecT50_splits.json+Endoscapes_splits.json+Cholec80_splits.json,G6,1,0,0,1,1,0,0,phase|tool_presence|cvs_cholec80,1258,0,0,,
ENDO_22,train,camma_strategy:CholecT50_splits.json+Endoscapes_splits.json+Cholec80_splits.json,G7,0,0,1,0,0,1,1,cvs_endoscapes|anatomy_bbox,0,0,633,22,
VID22,train,camma_strategy:CholecT50_splits.json+Endoscapes_splits.json+Cholec80_splits.json,G2,1,1,0,1,1,0,0,triplet|instrument|verb|target|phase|tool_presence|cvs_cholec80,1532,1533,0,,"frame_count_mismatch: cholec80=1532, cholect50=1533"
ENDO_23,train,camma_strategy:CholecT50_splits.json+Endoscapes_splits.json+Cholec80_splits.json,G7,0,0,1,0,0,1,1,cvs_endoscapes|anatomy_bbox,0,0,663,23,
VID23,train,camma_strategy:CholecT50_splits.json+Endoscapes_splits.json+Cholec80_splits.json,G2,1,1,0,1,1,0,0,triplet|instrument|verb|target|phase|tool_presence|cvs_cholec80,1635,1636,0,,"frame_count_mismatch: cholec80=1635, cholect50=1636"
ENDO_24,train,camma_strategy:CholecT50_splits.json+Endoscapes_splits.json+Cholec80_splits.json,G7,0,0,1,0,0,1,1,cvs_endoscapes|anatomy_bbox,0,0,243,24,
VID24,train,camma_strategy:CholecT50_splits.json+Endoscapes_splits.json+Cholec80_splits.json,G6,1,0,0,1,1,0,0,phase|tool_presence|cvs_cholec80,1975,0,0,,
ENDO_25,train,camma_strategy:CholecT50_splits.json+Endoscapes_splits.json+Cholec80_splits.json,G7,0,0,1,0,0,1,1,cvs_endoscapes|anatomy_bbox,0,0,93,25,
VID25,train,camma_strategy:CholecT50_splits.json+Endoscapes_splits.json+Cholec80_splits.json,G2,1,1,0,1,1,0,0,triplet|instrument|verb|target|phase|tool_presence|cvs_cholec80,2129,2130,0,,"frame_count_mismatch: cholec80=2129, cholect50=2130"
ENDO_26,train,camma_strategy:CholecT50_splits.json+Endoscapes_splits.json+Cholec80_splits.json,G7,0,0,1,0,0,1,1,cvs_endoscapes|anatomy_bbox,0,0,93,26,
VID26,train,camma_strategy:CholecT50_splits.json+Endoscapes_splits.json+Cholec80_splits.json,G2,1,1,0,1,1,0,0,triplet|instrument|verb|target|phase|tool_presence|cvs_cholec80,1773,1774,0,,"frame_count_mismatch: cholec80=1773, cholect50=1774"
ENDO_27,train,camma_strategy:CholecT50_splits.json+Endoscapes_splits.json+Cholec80_splits.json,G7,0,0,1,0,0,1,1,cvs_endoscapes|anatomy_bbox,0,0,483,27,
VID27,train,camma_strategy:CholecT50_splits.json+Endoscapes_splits.json+Cholec80_splits.json,G2,1,1,0,1,1,0,0,triplet|instrument|verb|target|phase|tool_presence|cvs_cholec80,2084,2085,0,,"frame_count_mismatch: cholec80=2084, cholect50=2085"
VID28,train,camma_strategy:CholecT50_splits.json+Endoscapes_splits.json+Cholec80_splits.json,G6,1,0,0,1,1,0,0,phase|tool_presence|cvs_cholec80,1199,0,0,,
ENDO_29,train,camma_strategy:CholecT50_splits.json+Endoscapes_splits.json+Cholec80_splits.json,G7,0,0,1,0,0,1,1,cvs_endoscapes|anatomy_bbox,0,0,483,29,
VID29,val,camma_strategy:CholecT50_splits.json+Endoscapes_splits.json+Cholec80_splits.json,G2,1,1,0,1,1,0,0,triplet|instrument|verb|target|phase|tool_presence|cvs_cholec80,2350,2351,0,,"frame_count_mismatch: cholec80=2350, cholect50=2351"
ENDO_30,train,camma_strategy:CholecT50_splits.json+Endoscapes_splits.json+Cholec80_splits.json,G7,0,0,1,0,0,1,1,cvs_endoscapes|anatomy_bbox,0,0,183,30,
VID30,train,camma_strategy:CholecT50_splits.json+Endoscapes_splits.json+Cholec80_splits.json,G6,1,0,0,1,1,0,0,phase|tool_presence|cvs_cholec80,2925,0,0,,
VID31,train,camma_strategy:CholecT50_splits.json+Endoscapes_splits.json+Cholec80_splits.json,G2,1,1,0,1,1,0,0,triplet|instrument|verb|target|phase|tool_presence|cvs_cholec80,3945,3946,0,,"frame_count_mismatch: cholec80=3945, cholect50=3946"
VID32,test,camma_strategy:CholecT50_splits.json+Endoscapes_splits.json+Cholec80_splits.json,G2,1,1,0,1,1,0,0,triplet|instrument|verb|target|phase|tool_presence|cvs_cholec80,2116,2117,0,,"frame_count_mismatch: cholec80=2116, cholect50=2117"
VID33,train,camma_strategy:CholecT50_splits.json+Endoscapes_splits.json+Cholec80_splits.json,G6,1,0,0,1,1,0,0,phase|tool_presence|cvs_cholec80,1307,0,0,,
ENDO_34,train,camma_strategy:CholecT50_splits.json+Endoscapes_splits.json+Cholec80_splits.json,G7,0,0,1,0,0,1,1,cvs_endoscapes|anatomy_bbox,0,0,123,34,
VID34,train,camma_strategy:CholecT50_splits.json+Endoscapes_splits.json+Cholec80_splits.json,G6,1,0,0,1,1,0,0,phase|tool_presence|cvs_cholec80,1323,0,0,,
ENDO_35,train,camma_strategy:CholecT50_splits.json+Endoscapes_splits.json+Cholec80_splits.json,G7,0,0,1,0,0,1,1,cvs_endoscapes|anatomy_bbox,0,0,562,35,
VID35,train,camma_strategy:CholecT50_splits.json+Endoscapes_splits.json+Cholec80_splits.json,G2,1,1,0,1,1,0,0,triplet|instrument|verb|target|phase|tool_presence|cvs_cholec80,2106,2107,0,,"frame_count_mismatch: cholec80=2106, cholect50=2107"
ENDO_36,train,camma_strategy:CholecT50_splits.json+Endoscapes_splits.json+Cholec80_splits.json,G7,0,0,1,0,0,1,1,cvs_endoscapes|anatomy_bbox,0,0,483,36,
VID36,train,camma_strategy:CholecT50_splits.json+Endoscapes_splits.json+Cholec80_splits.json,G2,1,1,0,1,1,0,0,triplet|instrument|verb|target|phase|tool_presence|cvs_cholec80,2387,2388,0,,"frame_count_mismatch: cholec80=2387, cholect50=2388"
ENDO_37,train,camma_strategy:CholecT50_splits.json+Endoscapes_splits.json+Cholec80_splits.json,G7,0,0,1,0,0,1,1,cvs_endoscapes|anatomy_bbox,0,0,63,37,
VID37,train,camma_strategy:CholecT50_splits.json+Endoscapes_splits.json+Cholec80_splits.json,G6,1,0,0,1,1,0,0,phase|tool_presence|cvs_cholec80,1232,0,0,,
VID38,train,camma_strategy:CholecT50_splits.json+Endoscapes_splits.json+Cholec80_splits.json,G6,1,0,0,1,1,0,0,phase|tool_presence|cvs_cholec80,3080,0,0,,
ENDO_39,train,camma_strategy:CholecT50_splits.json+Endoscapes_splits.json+Cholec80_splits.json,G7,0,0,1,0,0,1,1,cvs_endoscapes|anatomy_bbox,0,0,693,39,
VID39,train,camma_strategy:CholecT50_splits.json+Endoscapes_splits.json+Cholec80_splits.json,G6,1,0,0,1,1,0,0,phase|tool_presence|cvs_cholec80,1647,0,0,,
VID40,train,camma_strategy:CholecT50_splits.json+Endoscapes_splits.json+Cholec80_splits.json,G2,1,1,0,1,1,0,0,triplet|instrument|verb|target|phase|tool_presence|cvs_cholec80,2222,2223,0,,"frame_count_mismatch: cholec80=2222, cholect50=2223"
ENDO_41,train,camma_strategy:CholecT50_splits.json+Endoscapes_splits.json+Cholec80_splits.json,G7,0,0,1,0,0,1,1,cvs_endoscapes|anatomy_bbox,0,0,48,41,
VID41,val,camma_strategy:CholecT50_splits.json+Endoscapes_splits.json+Cholec80_splits.json,G6,1,0,0,1,1,0,0,phase|tool_presence|cvs_cholec80,3103,0,0,,
ENDO_42,train,camma_strategy:CholecT50_splits.json+Endoscapes_splits.json+Cholec80_splits.json,G7,0,0,1,0,0,1,1,cvs_endoscapes|anatomy_bbox,0,0,903,42,
VID42,test,camma_strategy:CholecT50_splits.json+Endoscapes_splits.json+Cholec80_splits.json,G2,1,1,0,1,1,0,0,triplet|instrument|verb|target|phase|tool_presence|cvs_cholec80,3712,3713,0,,"frame_count_mismatch: cholec80=3712, cholect50=3713"
ENDO_43,train,camma_strategy:CholecT50_splits.json+Endoscapes_splits.json+Cholec80_splits.json,G7,0,0,1,0,0,1,1,cvs_endoscapes|anatomy_bbox,0,0,183,43,
VID43,train,camma_strategy:CholecT50_splits.json+Endoscapes_splits.json+Cholec80_splits.json,G2,1,1,0,1,1,0,0,triplet|instrument|verb|target|phase|tool_presence|cvs_cholec80,2362,2363,0,,"frame_count_mismatch: cholec80=2362, cholect50=2363"
ENDO_44,train,camma_strategy:CholecT50_splits.json+Endoscapes_splits.json+Cholec80_splits.json,G7,0,0,1,0,0,1,1,cvs_endoscapes|anatomy_bbox,0,0,393,44,
VID44,val,camma_strategy:CholecT50_splits.json+Endoscapes_splits.json+Cholec80_splits.json,G6,1,0,0,1,1,0,0,phase|tool_presence|cvs_cholec80,3127,0,0,,
ENDO_45,train,camma_strategy:CholecT50_splits.json+Endoscapes_splits.json+Cholec80_splits.json,G7,0,0,1,0,0,1,1,cvs_endoscapes|anatomy_bbox,0,0,93,45,
VID45,val,camma_strategy:CholecT50_splits.json+Endoscapes_splits.json+Cholec80_splits.json,G6,1,0,0,1,1,0,0,phase|tool_presence|cvs_cholec80,3387,0,0,,
ENDO_46,train,camma_strategy:CholecT50_splits.json+Endoscapes_splits.json+Cholec80_splits.json,G7,0,0,1,0,0,1,1,cvs_endoscapes|anatomy_bbox,0,0,153,46,
VID46,val,camma_strategy:CholecT50_splits.json+Endoscapes_splits.json+Cholec80_splits.json,G6,1,0,0,1,1,0,0,phase|tool_presence|cvs_cholec80,1653,0,0,,
ENDO_47,train,camma_strategy:CholecT50_splits.json+Endoscapes_splits.json+Cholec80_splits.json,G7,0,0,1,0,0,1,1,cvs_endoscapes|anatomy_bbox,0,0,63,47,
VID47,train,camma_strategy:CholecT50_splits.json+Endoscapes_splits.json+Cholec80_splits.json,G2,1,1,0,1,1,0,0,triplet|instrument|verb|target|phase|tool_presence|cvs_cholec80,2259,2260,0,,"frame_count_mismatch: cholec80=2259, cholect50=2260"
ENDO_48,train,camma_strategy:CholecT50_splits.json+Endoscapes_splits.json+Cholec80_splits.json,G7,0,0,1,0,0,1,1,cvs_endoscapes|anatomy_bbox,0,0,213,48,
VID48,train,camma_strategy:CholecT50_splits.json+Endoscapes_splits.json+Cholec80_splits.json,G2,1,1,0,1,1,0,0,triplet|instrument|verb|target|phase|tool_presence|cvs_cholec80,1834,1835,0,,"frame_count_mismatch: cholec80=1834, cholect50=1835"
ENDO_49,train,camma_strategy:CholecT50_splits.json+Endoscapes_splits.json+Cholec80_splits.json,G7,0,0,1,0,0,1,1,cvs_endoscapes|anatomy_bbox,0,0,93,49,
VID49,train,camma_strategy:CholecT50_splits.json+Endoscapes_splits.json+Cholec80_splits.json,G2,1,1,0,1,1,0,0,triplet|instrument|verb|target|phase|tool_presence|cvs_cholec80,1671,1672,0,,"frame_count_mismatch: cholec80=1671, cholect50=1672"
ENDO_50,train,camma_strategy:CholecT50_splits.json+Endoscapes_splits.json+Cholec80_splits.json,G7,0,0,1,0,0,1,1,cvs_endoscapes|anatomy_bbox,0,0,213,50,
VID50,val,camma_strategy:CholecT50_splits.json+Endoscapes_splits.json+Cholec80_splits.json,G2,1,1,0,1,1,0,0,triplet|instrument|verb|target|phase|tool_presence|cvs_cholec80,1094,1095,0,,"frame_count_mismatch: cholec80=1094, cholect50=1095"
ENDO_51,train,camma_strategy:CholecT50_splits.json+Endoscapes_splits.json+Cholec80_splits.json,G7,0,0,1,0,0,1,1,cvs_endoscapes|anatomy_bbox,0,0,63,51,
VID51,test,camma_strategy:CholecT50_splits.json+Endoscapes_splits.json+Cholec80_splits.json,G2,1,1,0,1,1,0,0,triplet|instrument|verb|target|phase|tool_presence|cvs_cholec80,2944,2945,0,,"frame_count_mismatch: cholec80=2944, cholect50=2945"
ENDO_52,train,camma_strategy:CholecT50_splits.json+Endoscapes_splits.json+Cholec80_splits.json,G7,0,0,1,0,0,1,1,cvs_endoscapes|anatomy_bbox,0,0,213,52,
VID52,train,camma_strategy:CholecT50_splits.json+Endoscapes_splits.json+Cholec80_splits.json,G2,1,1,0,1,1,0,0,triplet|instrument|verb|target|phase|tool_presence|cvs_cholec80,1966,1967,0,,"frame_count_mismatch: cholec80=1966, cholect50=1967"
ENDO_53,train,camma_strategy:CholecT50_splits.json+Endoscapes_splits.json+Cholec80_splits.json,G7,0,0,1,0,0,1,1,cvs_endoscapes|anatomy_bbox,0,0,423,53,
VID53,test,camma_strategy:CholecT50_splits.json+Endoscapes_splits.json+Cholec80_splits.json,G6,1,0,0,1,1,0,0,phase|tool_presence|cvs_cholec80,3283,0,0,,
ENDO_54,train,camma_strategy:CholecT50_splits.json+Endoscapes_splits.json+Cholec80_splits.json,G7,0,0,1,0,0,1,1,cvs_endoscapes|anatomy_bbox,0,0,93,54,
VID54,test,camma_strategy:CholecT50_splits.json+Endoscapes_splits.json+Cholec80_splits.json,G6,1,0,0,1,1,0,0,phase|tool_presence|cvs_cholec80,3100,0,0,,
ENDO_55,train,camma_strategy:CholecT50_splits.json+Endoscapes_splits.json+Cholec80_splits.json,G7,0,0,1,0,0,1,1,cvs_endoscapes|anatomy_bbox,0,0,183,55,
VID55,test,camma_strategy:CholecT50_splits.json+Endoscapes_splits.json+Cholec80_splits.json,G6,1,0,0,1,1,0,0,phase|tool_presence|cvs_cholec80,1037,0,0,,
ENDO_56,train,camma_strategy:CholecT50_splits.json+Endoscapes_splits.json+Cholec80_splits.json,G7,0,0,1,0,0,1,1,cvs_endoscapes|anatomy_bbox,0,0,93,56,
VID56,train,camma_strategy:CholecT50_splits.json+Endoscapes_splits.json+Cholec80_splits.json,G2,1,1,0,1,1,0,0,triplet|instrument|verb|target|phase|tool_presence|cvs_cholec80,1834,1837,0,,"frame_count_mismatch: cholec80=1834, cholect50=1837"
ENDO_57,train,camma_strategy:CholecT50_splits.json+Endoscapes_splits.json+Cholec80_splits.json,G7,0,0,1,0,0,1,1,cvs_endoscapes|anatomy_bbox,0,0,573,57,
VID57,train,camma_strategy:CholecT50_splits.json+Endoscapes_splits.json+Cholec80_splits.json,G2,1,1,0,1,1,0,0,triplet|instrument|verb|target|phase|tool_presence|cvs_cholec80,2632,2633,0,,"frame_count_mismatch: cholec80=2632, cholect50=2633"
ENDO_58,train,camma_strategy:CholecT50_splits.json+Endoscapes_splits.json+Cholec80_splits.json,G7,0,0,1,0,0,1,1,cvs_endoscapes|anatomy_bbox,0,0,123,58,
VID58,test,camma_strategy:CholecT50_splits.json+Endoscapes_splits.json+Cholec80_splits.json,G6,1,0,0,1,1,0,0,phase|tool_presence|cvs_cholec80,5993,0,0,,
ENDO_59,train,camma_strategy:CholecT50_splits.json+Endoscapes_splits.json+Cholec80_splits.json,G7,0,0,1,0,0,1,1,cvs_endoscapes|anatomy_bbox,0,0,213,59,
VID59,test,camma_strategy:CholecT50_splits.json+Endoscapes_splits.json+Cholec80_splits.json,G6,1,0,0,1,1,0,0,phase|tool_presence|cvs_cholec80,1046,0,0,,
ENDO_60,train,camma_strategy:CholecT50_splits.json+Endoscapes_splits.json+Cholec80_splits.json,G7,0,0,1,0,0,1,1,cvs_endoscapes|anatomy_bbox,0,0,513,60,
VID60,train,camma_strategy:CholecT50_splits.json+Endoscapes_splits.json+Cholec80_splits.json,G2,1,1,0,1,1,0,0,triplet|instrument|verb|target|phase|tool_presence|cvs_cholec80,2532,2533,0,,"frame_count_mismatch: cholec80=2532, cholect50=2533"
ENDO_61,train,camma_strategy:CholecT50_splits.json+Endoscapes_splits.json+Cholec80_splits.json,G7,0,0,1,0,0,1,1,cvs_endoscapes|anatomy_bbox,0,0,153,61,
VID61,test,camma_strategy:CholecT50_splits.json+Endoscapes_splits.json+Cholec80_splits.json,G6,1,0,0,1,1,0,0,phase|tool_presence|cvs_cholec80,4409,0,0,,
ENDO_62,train,camma_strategy:CholecT50_splits.json+Endoscapes_splits.json+Cholec80_splits.json,G7,0,0,1,0,0,1,1,cvs_endoscapes|anatomy_bbox,0,0,393,62,
VID62,train,camma_strategy:CholecT50_splits.json+Endoscapes_splits.json+Cholec80_splits.json,G2,1,1,0,1,1,0,0,triplet|instrument|verb|target|phase|tool_presence|cvs_cholec80,2032,2033,0,,"frame_count_mismatch: cholec80=2032, cholect50=2033"
ENDO_63,train,camma_strategy:CholecT50_splits.json+Endoscapes_splits.json+Cholec80_splits.json,G7,0,0,1,0,0,1,1,cvs_endoscapes|anatomy_bbox,0,0,183,63,
VID63,test,camma_strategy:CholecT50_splits.json+Endoscapes_splits.json+Cholec80_splits.json,G6,1,0,0,1,1,0,0,phase|tool_presence|cvs_cholec80,3433,0,0,,
ENDO_64,train,camma_strategy:CholecT50_splits.json+Endoscapes_splits.json+Cholec80_splits.json,G7,0,0,1,0,0,1,1,cvs_endoscapes|anatomy_bbox,0,0,603,64,
VID64,test,camma_strategy:CholecT50_splits.json+Endoscapes_splits.json+Cholec80_splits.json,G6,1,0,0,1,1,0,0,phase|tool_presence|cvs_cholec80,2398,0,0,,
ENDO_65,train,camma_strategy:CholecT50_splits.json+Endoscapes_splits.json+Cholec80_splits.json,G7,0,0,1,0,0,1,1,cvs_endoscapes|anatomy_bbox,0,0,663,65,
VID65,train,camma_strategy:CholecT50_splits.json+Endoscapes_splits.json+Cholec80_splits.json,G2,1,1,0,1,1,0,0,triplet|instrument|verb|target|phase|tool_presence|cvs_cholec80,1873,1874,0,,"frame_count_mismatch: cholec80=1873, cholect50=1874"
ENDO_66,train,camma_strategy:CholecT50_splits.json+Endoscapes_splits.json+Cholec80_splits.json,G7,0,0,1,0,0,1,1,cvs_endoscapes|anatomy_bbox,0,0,63,66,
VID66,train,camma_strategy:CholecT50_splits.json+Endoscapes_splits.json+Cholec80_splits.json,G1,1,1,1,1,1,1,1,triplet|instrument|verb|target|phase|tool_presence|cvs_cholec80|cvs_endoscapes|anatomy_bbox,1824,1825,273,121,"frame_count_mismatch: cholec80=1824, cholect50=1825"
ENDO_67,train,camma_strategy:CholecT50_splits.json+Endoscapes_splits.json+Cholec80_splits.json,G7,0,0,1,0,0,1,1,cvs_endoscapes|anatomy_bbox,0,0,63,67,
VID67,train,camma_strategy:CholecT50_splits.json+Endoscapes_splits.json+Cholec80_splits.json,G4,1,0,1,1,1,1,1,phase|tool_presence|cvs_cholec80|cvs_endoscapes|anatomy_bbox,2353,0,153,1,
ENDO_68,train,camma_strategy:CholecT50_splits.json+Endoscapes_splits.json+Cholec80_splits.json,G7,0,0,1,0,0,1,1,cvs_endoscapes|anatomy_bbox,0,0,63,68,
VID68,train,camma_strategy:CholecT50_splits.json+Endoscapes_splits.json+Cholec80_splits.json,G1,1,1,1,1,1,1,1,triplet|instrument|verb|target|phase|tool_presence|cvs_cholec80|cvs_endoscapes|anatomy_bbox,1972,1973,93,2,"frame_count_mismatch: cholec80=1972, cholect50=1973"
ENDO_69,train,camma_strategy:CholecT50_splits.json+Endoscapes_splits.json+Cholec80_splits.json,G7,0,0,1,0,0,1,1,cvs_endoscapes|anatomy_bbox,0,0,63,69,
VID69,test,camma_strategy:CholecT50_splits.json+Endoscapes_splits.json+Cholec80_splits.json,G6,1,0,0,1,1,0,0,phase|tool_presence|cvs_cholec80,4575,0,0,,
ENDO_70,train,camma_strategy:CholecT50_splits.json+Endoscapes_splits.json+Cholec80_splits.json,G7,0,0,1,0,0,1,1,cvs_endoscapes|anatomy_bbox,0,0,123,70,
VID70,train,camma_strategy:CholecT50_splits.json+Endoscapes_splits.json+Cholec80_splits.json,G1,1,1,1,1,1,1,1,triplet|instrument|verb|target|phase|tool_presence|cvs_cholec80|cvs_endoscapes|anatomy_bbox,1194,1195,153,3,"frame_count_mismatch: cholec80=1194, cholect50=1195"
ENDO_71,train,camma_strategy:CholecT50_splits.json+Endoscapes_splits.json+Cholec80_splits.json,G7,0,0,1,0,0,1,1,cvs_endoscapes|anatomy_bbox,0,0,93,71,
VID71,train,camma_strategy:CholecT50_splits.json+Endoscapes_splits.json+Cholec80_splits.json,G4,1,0,1,1,1,1,1,phase|tool_presence|cvs_cholec80|cvs_endoscapes|anatomy_bbox,2515,0,633,4,
ENDO_72,train,camma_strategy:CholecT50_splits.json+Endoscapes_splits.json+Cholec80_splits.json,G7,0,0,1,0,0,1,1,cvs_endoscapes|anatomy_bbox,0,0,63,72,
VID72,train,camma_strategy:CholecT50_splits.json+Endoscapes_splits.json+Cholec80_splits.json,G4,1,0,1,1,1,1,1,phase|tool_presence|cvs_cholec80|cvs_endoscapes|anatomy_bbox,3106,0,213,7,
ENDO_73,train,camma_strategy:CholecT50_splits.json+Endoscapes_splits.json+Cholec80_splits.json,G7,0,0,1,0,0,1,1,cvs_endoscapes|anatomy_bbox,0,0,63,73,
VID73,test,camma_strategy:CholecT50_splits.json+Endoscapes_splits.json+Cholec80_splits.json,G2,1,1,0,1,1,0,0,triplet|instrument|verb|target|phase|tool_presence|cvs_cholec80,1356,1357,0,,"frame_count_mismatch: cholec80=1356, cholect50=1357"
ENDO_74,train,camma_strategy:CholecT50_splits.json+Endoscapes_splits.json+Cholec80_splits.json,G7,0,0,1,0,0,1,1,cvs_endoscapes|anatomy_bbox,0,0,123,74,
VID74,test,camma_strategy:CholecT50_splits.json+Endoscapes_splits.json+Cholec80_splits.json,G2,1,1,0,1,1,0,0,triplet|instrument|verb|target|phase|tool_presence|cvs_cholec80,1634,1635,0,,"frame_count_mismatch: cholec80=1634, cholect50=1635"
ENDO_75,train,camma_strategy:CholecT50_splits.json+Endoscapes_splits.json+Cholec80_splits.json,G7,0,0,1,0,0,1,1,cvs_endoscapes|anatomy_bbox,0,0,63,75,
VID75,train,camma_strategy:CholecT50_splits.json+Endoscapes_splits.json+Cholec80_splits.json,G2,1,1,0,1,1,0,0,triplet|instrument|verb|target|phase|tool_presence|cvs_cholec80,1923,1924,0,,"frame_count_mismatch: cholec80=1923, cholect50=1924"
ENDO_76,train,camma_strategy:CholecT50_splits.json+Endoscapes_splits.json+Cholec80_splits.json,G7,0,0,1,0,0,1,1,cvs_endoscapes|anatomy_bbox,0,0,393,76,
VID76,test,camma_strategy:CholecT50_splits.json+Endoscapes_splits.json+Cholec80_splits.json,G6,1,0,0,1,1,0,0,phase|tool_presence|cvs_cholec80,2649,0,0,,
ENDO_77,train,camma_strategy:CholecT50_splits.json+Endoscapes_splits.json+Cholec80_splits.json,G7,0,0,1,0,0,1,1,cvs_endoscapes|anatomy_bbox,0,0,183,77,
VID77,test,camma_strategy:CholecT50_splits.json+Endoscapes_splits.json+Cholec80_splits.json,G6,1,0,0,1,1,0,0,phase|tool_presence|cvs_cholec80,2502,0,0,,
ENDO_78,train,camma_strategy:CholecT50_splits.json+Endoscapes_splits.json+Cholec80_splits.json,G7,0,0,1,0,0,1,1,cvs_endoscapes|anatomy_bbox,0,0,123,78,
VID78,val,camma_strategy:CholecT50_splits.json+Endoscapes_splits.json+Cholec80_splits.json,G2,1,1,0,1,1,0,0,triplet|instrument|verb|target|phase|tool_presence|cvs_cholec80,739,740,0,,"frame_count_mismatch: cholec80=739, cholect50=740"
ENDO_79,train,camma_strategy:CholecT50_splits.json+Endoscapes_splits.json+Cholec80_splits.json,G7,0,0,1,0,0,1,1,cvs_endoscapes|anatomy_bbox,0,0,273,79,
VID79,train,camma_strategy:CholecT50_splits.json+Endoscapes_splits.json+Cholec80_splits.json,G2,1,1,0,1,1,0,0,triplet|instrument|verb|target|phase|tool_presence|cvs_cholec80,3414,3415,0,,"frame_count_mismatch: cholec80=3414, cholect50=3415"
ENDO_80,train,camma_strategy:CholecT50_splits.json+Endoscapes_splits.json+Cholec80_splits.json,G7,0,0,1,0,0,1,1,cvs_endoscapes|anatomy_bbox,0,0,63,80,
VID80,test,camma_strategy:CholecT50_splits.json+Endoscapes_splits.json+Cholec80_splits.json,G2,1,1,0,1,1,0,0,triplet|instrument|verb|target|phase|tool_presence|cvs_cholec80,1724,1725,0,,"frame_count_mismatch: cholec80=1724, cholect50=1725"
ENDO_81,train,camma_strategy:CholecT50_splits.json+Endoscapes_splits.json+Cholec80_splits.json,G7,0,0,1,0,0,1,1,cvs_endoscapes|anatomy_bbox,0,0,63,81,
ENDO_82,train,camma_strategy:CholecT50_splits.json+Endoscapes_splits.json+Cholec80_splits.json,G7,0,0,1,0,0,1,1,cvs_endoscapes|anatomy_bbox,0,0,153,82,
VID82,test,camma_strategy:CholecT50_splits.json+Endoscapes_splits.json+Cholec80_splits.json,G7,0,0,1,0,0,1,1,cvs_endoscapes|anatomy_bbox,0,0,273,163,
ENDO_83,train,camma_strategy:CholecT50_splits.json+Endoscapes_splits.json+Cholec80_splits.json,G7,0,0,1,0,0,1,1,cvs_endoscapes|anatomy_bbox,0,0,453,83,
ENDO_84,train,camma_strategy:CholecT50_splits.json+Endoscapes_splits.json+Cholec80_splits.json,G7,0,0,1,0,0,1,1,cvs_endoscapes|anatomy_bbox,0,0,213,84,
ENDO_85,train,camma_strategy:CholecT50_splits.json+Endoscapes_splits.json+Cholec80_splits.json,G7,0,0,1,0,0,1,1,cvs_endoscapes|anatomy_bbox,0,0,63,85,
ENDO_86,train,camma_strategy:CholecT50_splits.json+Endoscapes_splits.json+Cholec80_splits.json,G7,0,0,1,0,0,1,1,cvs_endoscapes|anatomy_bbox,0,0,153,86,
ENDO_87,train,camma_strategy:CholecT50_splits.json+Endoscapes_splits.json+Cholec80_splits.json,G7,0,0,1,0,0,1,1,cvs_endoscapes|anatomy_bbox,0,0,93,87,
ENDO_88,train,camma_strategy:CholecT50_splits.json+Endoscapes_splits.json+Cholec80_splits.json,G7,0,0,1,0,0,1,1,cvs_endoscapes|anatomy_bbox,0,0,573,88,
ENDO_89,train,camma_strategy:CholecT50_splits.json+Endoscapes_splits.json+Cholec80_splits.json,G7,0,0,1,0,0,1,1,cvs_endoscapes|anatomy_bbox,0,0,243,89,
ENDO_90,train,camma_strategy:CholecT50_splits.json+Endoscapes_splits.json+Cholec80_splits.json,G7,0,0,1,0,0,1,1,cvs_endoscapes|anatomy_bbox,0,0,423,90,
ENDO_91,train,camma_strategy:CholecT50_splits.json+Endoscapes_splits.json+Cholec80_splits.json,G7,0,0,1,0,0,1,1,cvs_endoscapes|anatomy_bbox,0,0,153,91,
ENDO_92,train,camma_strategy:CholecT50_splits.json+Endoscapes_splits.json+Cholec80_splits.json,G7,0,0,1,0,0,1,1,cvs_endoscapes|anatomy_bbox,0,0,573,92,
VID92,train,camma_strategy:CholecT50_splits.json+Endoscapes_splits.json+Cholec80_splits.json,G5,0,1,0,0,0,0,0,triplet|instrument|verb|target|phase,0,2124,0,,
ENDO_93,train,camma_strategy:CholecT50_splits.json+Endoscapes_splits.json+Cholec80_splits.json,G7,0,0,1,0,0,1,1,cvs_endoscapes|anatomy_bbox,0,0,183,93,
ENDO_94,train,camma_strategy:CholecT50_splits.json+Endoscapes_splits.json+Cholec80_splits.json,G7,0,0,1,0,0,1,1,cvs_endoscapes|anatomy_bbox,0,0,183,94,
ENDO_95,train,camma_strategy:CholecT50_splits.json+Endoscapes_splits.json+Cholec80_splits.json,G7,0,0,1,0,0,1,1,cvs_endoscapes|anatomy_bbox,0,0,693,95,
ENDO_96,train,camma_strategy:CholecT50_splits.json+Endoscapes_splits.json+Cholec80_splits.json,G7,0,0,1,0,0,1,1,cvs_endoscapes|anatomy_bbox,0,0,273,96,
VID96,train,camma_strategy:CholecT50_splits.json+Endoscapes_splits.json+Cholec80_splits.json,G3,0,1,1,0,0,1,1,triplet|instrument|verb|target|phase|cvs_endoscapes|anatomy_bbox,0,1707,333,10,
ENDO_97,train,camma_strategy:CholecT50_splits.json+Endoscapes_splits.json+Cholec80_splits.json,G7,0,0,1,0,0,1,1,cvs_endoscapes|anatomy_bbox,0,0,273,97,
VID97,train,camma_strategy:CholecT50_splits.json+Endoscapes_splits.json+Cholec80_splits.json,G7,0,0,1,0,0,1,1,cvs_endoscapes|anatomy_bbox,0,0,183,11,
ENDO_98,train,camma_strategy:CholecT50_splits.json+Endoscapes_splits.json+Cholec80_splits.json,G7,0,0,1,0,0,1,1,cvs_endoscapes|anatomy_bbox,0,0,153,98,
ENDO_99,train,camma_strategy:CholecT50_splits.json+Endoscapes_splits.json+Cholec80_splits.json,G7,0,0,1,0,0,1,1,cvs_endoscapes|anatomy_bbox,0,0,183,99,
ENDO_100,train,camma_strategy:CholecT50_splits.json+Endoscapes_splits.json+Cholec80_splits.json,G7,0,0,1,0,0,1,1,cvs_endoscapes|anatomy_bbox,0,0,393,100,
VID100,train,camma_strategy:CholecT50_splits.json+Endoscapes_splits.json+Cholec80_splits.json,G7,0,0,1,0,0,1,1,cvs_endoscapes|anatomy_bbox,0,0,63,14,
ENDO_101,train,camma_strategy:CholecT50_splits.json+Endoscapes_splits.json+Cholec80_splits.json,G7,0,0,1,0,0,1,1,cvs_endoscapes|anatomy_bbox,0,0,93,101,
VID101,train,camma_strategy:CholecT50_splits.json+Endoscapes_splits.json+Cholec80_splits.json,G7,0,0,1,0,0,1,1,cvs_endoscapes|anatomy_bbox,0,0,153,16,
ENDO_102,train,camma_strategy:CholecT50_splits.json+Endoscapes_splits.json+Cholec80_splits.json,G7,0,0,1,0,0,1,1,cvs_endoscapes|anatomy_bbox,0,0,153,102,
VID102,train,camma_strategy:CholecT50_splits.json+Endoscapes_splits.json+Cholec80_splits.json,G7,0,0,1,0,0,1,1,cvs_endoscapes|anatomy_bbox,0,0,1473,19,
ENDO_103,train,camma_strategy:CholecT50_splits.json+Endoscapes_splits.json+Cholec80_splits.json,G7,0,0,1,0,0,1,1,cvs_endoscapes|anatomy_bbox,0,0,183,103,
VID103,train,camma_strategy:CholecT50_splits.json+Endoscapes_splits.json+Cholec80_splits.json,G3,0,1,1,0,0,1,1,triplet|instrument|verb|target|phase|cvs_endoscapes|anatomy_bbox,0,2220,303,127,
ENDO_104,train,camma_strategy:CholecT50_splits.json+Endoscapes_splits.json+Cholec80_splits.json,G7,0,0,1,0,0,1,1,cvs_endoscapes|anatomy_bbox,0,0,153,104,
ENDO_105,train,camma_strategy:CholecT50_splits.json+Endoscapes_splits.json+Cholec80_splits.json,G7,0,0,1,0,0,1,1,cvs_endoscapes|anatomy_bbox,0,0,393,105,
VID105,test,camma_strategy:CholecT50_splits.json+Endoscapes_splits.json+Cholec80_splits.json,G7,0,0,1,0,0,1,1,cvs_endoscapes|anatomy_bbox,0,0,273,168,
ENDO_106,train,camma_strategy:CholecT50_splits.json+Endoscapes_splits.json+Cholec80_splits.json,G7,0,0,1,0,0,1,1,cvs_endoscapes|anatomy_bbox,0,0,843,106,
VID106,train,camma_strategy:CholecT50_splits.json+Endoscapes_splits.json+Cholec80_splits.json,G7,0,0,1,0,0,1,1,cvs_endoscapes|anatomy_bbox,0,0,123,28,
ENDO_107,train,camma_strategy:CholecT50_splits.json+Endoscapes_splits.json+Cholec80_splits.json,G7,0,0,1,0,0,1,1,cvs_endoscapes|anatomy_bbox,0,0,303,107,
ENDO_108,train,camma_strategy:CholecT50_splits.json+Endoscapes_splits.json+Cholec80_splits.json,G7,0,0,1,0,0,1,1,cvs_endoscapes|anatomy_bbox,0,0,363,108,
VID108,train,camma_strategy:CholecT50_splits.json+Endoscapes_splits.json+Cholec80_splits.json,G7,0,0,1,0,0,1,1,cvs_endoscapes|anatomy_bbox,0,0,243,31,
ENDO_109,train,camma_strategy:CholecT50_splits.json+Endoscapes_splits.json+Cholec80_splits.json,G7,0,0,1,0,0,1,1,cvs_endoscapes|anatomy_bbox,0,0,213,109,
VID109,train,camma_strategy:CholecT50_splits.json+Endoscapes_splits.json+Cholec80_splits.json,G7,0,0,1,0,0,1,1,cvs_endoscapes|anatomy_bbox,0,0,663,32,
ENDO_110,train,camma_strategy:CholecT50_splits.json+Endoscapes_splits.json+Cholec80_splits.json,G7,0,0,1,0,0,1,1,cvs_endoscapes|anatomy_bbox,0,0,483,110,
VID110,train,camma_strategy:CholecT50_splits.json+Endoscapes_splits.json+Cholec80_splits.json,G3,0,1,1,0,0,1,1,triplet|instrument|verb|target|phase|cvs_endoscapes|anatomy_bbox,0,2177,63,33,
ENDO_111,train,camma_strategy:CholecT50_splits.json+Endoscapes_splits.json+Cholec80_splits.json,G7,0,0,1,0,0,1,1,cvs_endoscapes|anatomy_bbox,0,0,513,111,
VID111,test,camma_strategy:CholecT50_splits.json+Endoscapes_splits.json+Cholec80_splits.json,G5,0,1,0,0,0,0,0,triplet|instrument|verb|target|phase,0,2146,0,,
ENDO_112,train,camma_strategy:CholecT50_splits.json+Endoscapes_splits.json+Cholec80_splits.json,G7,0,0,1,0,0,1,1,cvs_endoscapes|anatomy_bbox,0,0,153,112,
VID112,train,camma_strategy:CholecT50_splits.json+Endoscapes_splits.json+Cholec80_splits.json,G7,0,0,1,0,0,1,1,cvs_endoscapes|anatomy_bbox,0,0,483,38,
ENDO_113,train,camma_strategy:CholecT50_splits.json+Endoscapes_splits.json+Cholec80_splits.json,G7,0,0,1,0,0,1,1,cvs_endoscapes|anatomy_bbox,0,0,183,113,
ENDO_114,train,camma_strategy:CholecT50_splits.json+Endoscapes_splits.json+Cholec80_splits.json,G7,0,0,1,0,0,1,1,cvs_endoscapes|anatomy_bbox,0,0,153,114,
VID114,train,camma_strategy:CholecT50_splits.json+Endoscapes_splits.json+Cholec80_splits.json,G7,0,0,1,0,0,1,1,cvs_endoscapes|anatomy_bbox,0,0,123,40,
ENDO_115,train,camma_strategy:CholecT50_splits.json+Endoscapes_splits.json+Cholec80_splits.json,G7,0,0,1,0,0,1,1,cvs_endoscapes|anatomy_bbox,0,0,243,115,
VID115,test,camma_strategy:CholecT50_splits.json+Endoscapes_splits.json+Cholec80_splits.json,G7,0,0,1,0,0,1,1,cvs_endoscapes|anatomy_bbox,0,0,123,174,
ENDO_116,train,camma_strategy:CholecT50_splits.json+Endoscapes_splits.json+Cholec80_splits.json,G7,0,0,1,0,0,1,1,cvs_endoscapes|anatomy_bbox,0,0,453,116,
ENDO_117,train,camma_strategy:CholecT50_splits.json+Endoscapes_splits.json+Cholec80_splits.json,G7,0,0,1,0,0,1,1,cvs_endoscapes|anatomy_bbox,0,0,663,117,
ENDO_118,train,camma_strategy:CholecT50_splits.json+Endoscapes_splits.json+Cholec80_splits.json,G7,0,0,1,0,0,1,1,cvs_endoscapes|anatomy_bbox,0,0,273,118,
ENDO_119,train,camma_strategy:CholecT50_splits.json+Endoscapes_splits.json+Cholec80_splits.json,G7,0,0,1,0,0,1,1,cvs_endoscapes|anatomy_bbox,0,0,1323,119,
ENDO_120,train,camma_strategy:CholecT50_splits.json+Endoscapes_splits.json+Cholec80_splits.json,G7,0,0,1,0,0,1,1,cvs_endoscapes|anatomy_bbox,0,0,1053,120,
VID120,test,camma_strategy:CholecT50_splits.json+Endoscapes_splits.json+Cholec80_splits.json,G7,0,0,1,0,0,1,1,cvs_endoscapes|anatomy_bbox,0,0,363,177,
ENDO_122,val,camma_strategy:CholecT50_splits.json+Endoscapes_splits.json+Cholec80_splits.json,G7,0,0,1,0,0,1,1,cvs_endoscapes|anatomy_bbox,0,0,1752,122,
ENDO_123,val,camma_strategy:CholecT50_splits.json+Endoscapes_splits.json+Cholec80_splits.json,G7,0,0,1,0,0,1,1,cvs_endoscapes|anatomy_bbox,0,0,333,123,
ENDO_124,val,camma_strategy:CholecT50_splits.json+Endoscapes_splits.json+Cholec80_splits.json,G7,0,0,1,0,0,1,1,cvs_endoscapes|anatomy_bbox,0,0,63,124,
ENDO_125,val,camma_strategy:CholecT50_splits.json+Endoscapes_splits.json+Cholec80_splits.json,G7,0,0,1,0,0,1,1,cvs_endoscapes|anatomy_bbox,0,0,843,125,
ENDO_126,val,camma_strategy:CholecT50_splits.json+Endoscapes_splits.json+Cholec80_splits.json,G7,0,0,1,0,0,1,1,cvs_endoscapes|anatomy_bbox,0,0,123,126,
ENDO_128,val,camma_strategy:CholecT50_splits.json+Endoscapes_splits.json+Cholec80_splits.json,G7,0,0,1,0,0,1,1,cvs_endoscapes|anatomy_bbox,0,0,123,128,
ENDO_129,val,camma_strategy:CholecT50_splits.json+Endoscapes_splits.json+Cholec80_splits.json,G7,0,0,1,0,0,1,1,cvs_endoscapes|anatomy_bbox,0,0,723,129,
ENDO_130,val,camma_strategy:CholecT50_splits.json+Endoscapes_splits.json+Cholec80_splits.json,G7,0,0,1,0,0,1,1,cvs_endoscapes|anatomy_bbox,0,0,123,130,
ENDO_131,val,camma_strategy:CholecT50_splits.json+Endoscapes_splits.json+Cholec80_splits.json,G7,0,0,1,0,0,1,1,cvs_endoscapes|anatomy_bbox,0,0,573,131,
ENDO_132,val,camma_strategy:CholecT50_splits.json+Endoscapes_splits.json+Cholec80_splits.json,G7,0,0,1,0,0,1,1,cvs_endoscapes|anatomy_bbox,0,0,1413,132,
ENDO_133,val,camma_strategy:CholecT50_splits.json+Endoscapes_splits.json+Cholec80_splits.json,G7,0,0,1,0,0,1,1,cvs_endoscapes|anatomy_bbox,0,0,483,133,
ENDO_134,val,camma_strategy:CholecT50_splits.json+Endoscapes_splits.json+Cholec80_splits.json,G7,0,0,1,0,0,1,1,cvs_endoscapes|anatomy_bbox,0,0,63,134,
ENDO_135,val,camma_strategy:CholecT50_splits.json+Endoscapes_splits.json+Cholec80_splits.json,G7,0,0,1,0,0,1,1,cvs_endoscapes|anatomy_bbox,0,0,63,135,
ENDO_136,val,camma_strategy:CholecT50_splits.json+Endoscapes_splits.json+Cholec80_splits.json,G7,0,0,1,0,0,1,1,cvs_endoscapes|anatomy_bbox,0,0,63,136,
ENDO_137,val,camma_strategy:CholecT50_splits.json+Endoscapes_splits.json+Cholec80_splits.json,G7,0,0,1,0,0,1,1,cvs_endoscapes|anatomy_bbox,0,0,63,137,
ENDO_138,val,camma_strategy:CholecT50_splits.json+Endoscapes_splits.json+Cholec80_splits.json,G7,0,0,1,0,0,1,1,cvs_endoscapes|anatomy_bbox,0,0,63,138,
ENDO_139,val,camma_strategy:CholecT50_splits.json+Endoscapes_splits.json+Cholec80_splits.json,G7,0,0,1,0,0,1,1,cvs_endoscapes|anatomy_bbox,0,0,63,139,
ENDO_140,val,camma_strategy:CholecT50_splits.json+Endoscapes_splits.json+Cholec80_splits.json,G7,0,0,1,0,0,1,1,cvs_endoscapes|anatomy_bbox,0,0,63,140,
ENDO_141,val,camma_strategy:CholecT50_splits.json+Endoscapes_splits.json+Cholec80_splits.json,G7,0,0,1,0,0,1,1,cvs_endoscapes|anatomy_bbox,0,0,123,141,
ENDO_142,val,camma_strategy:CholecT50_splits.json+Endoscapes_splits.json+Cholec80_splits.json,G7,0,0,1,0,0,1,1,cvs_endoscapes|anatomy_bbox,0,0,363,142,
ENDO_143,val,camma_strategy:CholecT50_splits.json+Endoscapes_splits.json+Cholec80_splits.json,G7,0,0,1,0,0,1,1,cvs_endoscapes|anatomy_bbox,0,0,63,143,
ENDO_144,val,camma_strategy:CholecT50_splits.json+Endoscapes_splits.json+Cholec80_splits.json,G7,0,0,1,0,0,1,1,cvs_endoscapes|anatomy_bbox,0,0,63,144,
ENDO_145,val,camma_strategy:CholecT50_splits.json+Endoscapes_splits.json+Cholec80_splits.json,G7,0,0,1,0,0,1,1,cvs_endoscapes|anatomy_bbox,0,0,63,145,
ENDO_146,val,camma_strategy:CholecT50_splits.json+Endoscapes_splits.json+Cholec80_splits.json,G7,0,0,1,0,0,1,1,cvs_endoscapes|anatomy_bbox,0,0,63,146,
ENDO_147,val,camma_strategy:CholecT50_splits.json+Endoscapes_splits.json+Cholec80_splits.json,G7,0,0,1,0,0,1,1,cvs_endoscapes|anatomy_bbox,0,0,183,147,
ENDO_148,val,camma_strategy:CholecT50_splits.json+Endoscapes_splits.json+Cholec80_splits.json,G7,0,0,1,0,0,1,1,cvs_endoscapes|anatomy_bbox,0,0,93,148,
ENDO_149,val,camma_strategy:CholecT50_splits.json+Endoscapes_splits.json+Cholec80_splits.json,G7,0,0,1,0,0,1,1,cvs_endoscapes|anatomy_bbox,0,0,123,149,
ENDO_150,val,camma_strategy:CholecT50_splits.json+Endoscapes_splits.json+Cholec80_splits.json,G7,0,0,1,0,0,1,1,cvs_endoscapes|anatomy_bbox,0,0,153,150,
ENDO_151,val,camma_strategy:CholecT50_splits.json+Endoscapes_splits.json+Cholec80_splits.json,G7,0,0,1,0,0,1,1,cvs_endoscapes|anatomy_bbox,0,0,243,151,
ENDO_152,val,camma_strategy:CholecT50_splits.json+Endoscapes_splits.json+Cholec80_splits.json,G7,0,0,1,0,0,1,1,cvs_endoscapes|anatomy_bbox,0,0,153,152,
ENDO_153,val,camma_strategy:CholecT50_splits.json+Endoscapes_splits.json+Cholec80_splits.json,G7,0,0,1,0,0,1,1,cvs_endoscapes|anatomy_bbox,0,0,633,153,
ENDO_154,val,camma_strategy:CholecT50_splits.json+Endoscapes_splits.json+Cholec80_splits.json,G7,0,0,1,0,0,1,1,cvs_endoscapes|anatomy_bbox,0,0,333,154,
ENDO_155,val,camma_strategy:CholecT50_splits.json+Endoscapes_splits.json+Cholec80_splits.json,G7,0,0,1,0,0,1,1,cvs_endoscapes|anatomy_bbox,0,0,333,155,
ENDO_156,val,camma_strategy:CholecT50_splits.json+Endoscapes_splits.json+Cholec80_splits.json,G7,0,0,1,0,0,1,1,cvs_endoscapes|anatomy_bbox,0,0,63,156,
ENDO_157,val,camma_strategy:CholecT50_splits.json+Endoscapes_splits.json+Cholec80_splits.json,G7,0,0,1,0,0,1,1,cvs_endoscapes|anatomy_bbox,0,0,333,157,
ENDO_158,val,camma_strategy:CholecT50_splits.json+Endoscapes_splits.json+Cholec80_splits.json,G7,0,0,1,0,0,1,1,cvs_endoscapes|anatomy_bbox,0,0,153,158,
ENDO_159,val,camma_strategy:CholecT50_splits.json+Endoscapes_splits.json+Cholec80_splits.json,G7,0,0,1,0,0,1,1,cvs_endoscapes|anatomy_bbox,0,0,243,159,
ENDO_160,val,camma_strategy:CholecT50_splits.json+Endoscapes_splits.json+Cholec80_splits.json,G7,0,0,1,0,0,1,1,cvs_endoscapes|anatomy_bbox,0,0,243,160,
ENDO_161,val,camma_strategy:CholecT50_splits.json+Endoscapes_splits.json+Cholec80_splits.json,G7,0,0,1,0,0,1,1,cvs_endoscapes|anatomy_bbox,0,0,783,161,
ENDO_162,test,camma_strategy:CholecT50_splits.json+Endoscapes_splits.json+Cholec80_splits.json,G7,0,0,1,0,0,1,1,cvs_endoscapes|anatomy_bbox,0,0,123,162,
ENDO_164,test,camma_strategy:CholecT50_splits.json+Endoscapes_splits.json+Cholec80_splits.json,G7,0,0,1,0,0,1,1,cvs_endoscapes|anatomy_bbox,0,0,93,164,
ENDO_165,test,camma_strategy:CholecT50_splits.json+Endoscapes_splits.json+Cholec80_splits.json,G7,0,0,1,0,0,1,1,cvs_endoscapes|anatomy_bbox,0,0,63,165,
ENDO_166,test,camma_strategy:CholecT50_splits.json+Endoscapes_splits.json+Cholec80_splits.json,G7,0,0,1,0,0,1,1,cvs_endoscapes|anatomy_bbox,0,0,93,166,
ENDO_167,test,camma_strategy:CholecT50_splits.json+Endoscapes_splits.json+Cholec80_splits.json,G7,0,0,1,0,0,1,1,cvs_endoscapes|anatomy_bbox,0,0,243,167,
ENDO_169,test,camma_strategy:CholecT50_splits.json+Endoscapes_splits.json+Cholec80_splits.json,G7,0,0,1,0,0,1,1,cvs_endoscapes|anatomy_bbox,0,0,333,169,
ENDO_170,test,camma_strategy:CholecT50_splits.json+Endoscapes_splits.json+Cholec80_splits.json,G7,0,0,1,0,0,1,1,cvs_endoscapes|anatomy_bbox,0,0,903,170,
ENDO_171,test,camma_strategy:CholecT50_splits.json+Endoscapes_splits.json+Cholec80_splits.json,G7,0,0,1,0,0,1,1,cvs_endoscapes|anatomy_bbox,0,0,513,171,
ENDO_172,test,camma_strategy:CholecT50_splits.json+Endoscapes_splits.json+Cholec80_splits.json,G7,0,0,1,0,0,1,1,cvs_endoscapes|anatomy_bbox,0,0,303,172,
ENDO_173,test,camma_strategy:CholecT50_splits.json+Endoscapes_splits.json+Cholec80_splits.json,G7,0,0,1,0,0,1,1,cvs_endoscapes|anatomy_bbox,0,0,183,173,
ENDO_175,test,camma_strategy:CholecT50_splits.json+Endoscapes_splits.json+Cholec80_splits.json,G7,0,0,1,0,0,1,1,cvs_endoscapes|anatomy_bbox,0,0,123,175,
ENDO_176,test,camma_strategy:CholecT50_splits.json+Endoscapes_splits.json+Cholec80_splits.json,G7,0,0,1,0,0,1,1,cvs_endoscapes|anatomy_bbox,0,0,153,176,
ENDO_178,test,camma_strategy:CholecT50_splits.json+Endoscapes_splits.json+Cholec80_splits.json,G7,0,0,1,0,0,1,1,cvs_endoscapes|anatomy_bbox,0,0,93,178,
ENDO_179,test,camma_strategy:CholecT50_splits.json+Endoscapes_splits.json+Cholec80_splits.json,G7,0,0,1,0,0,1,1,cvs_endoscapes|anatomy_bbox,0,0,63,179,
ENDO_180,test,camma_strategy:CholecT50_splits.json+Endoscapes_splits.json+Cholec80_splits.json,G7,0,0,1,0,0,1,1,cvs_endoscapes|anatomy_bbox,0,0,63,180,
ENDO_181,test,camma_strategy:CholecT50_splits.json+Endoscapes_splits.json+Cholec80_splits.json,G7,0,0,1,0,0,1,1,cvs_endoscapes|anatomy_bbox,0,0,63,181,
ENDO_182,test,camma_strategy:CholecT50_splits.json+Endoscapes_splits.json+Cholec80_splits.json,G7,0,0,1,0,0,1,1,cvs_endoscapes|anatomy_bbox,0,0,93,182,
ENDO_183,test,camma_strategy:CholecT50_splits.json+Endoscapes_splits.json+Cholec80_splits.json,G7,0,0,1,0,0,1,1,cvs_endoscapes|anatomy_bbox,0,0,63,183,
ENDO_184,test,camma_strategy:CholecT50_splits.json+Endoscapes_splits.json+Cholec80_splits.json,G7,0,0,1,0,0,1,1,cvs_endoscapes|anatomy_bbox,0,0,303,184,
ENDO_185,test,camma_strategy:CholecT50_splits.json+Endoscapes_splits.json+Cholec80_splits.json,G7,0,0,1,0,0,1,1,cvs_endoscapes|anatomy_bbox,0,0,63,185,
ENDO_186,test,camma_strategy:CholecT50_splits.json+Endoscapes_splits.json+Cholec80_splits.json,G7,0,0,1,0,0,1,1,cvs_endoscapes|anatomy_bbox,0,0,453,186,
ENDO_187,test,camma_strategy:CholecT50_splits.json+Endoscapes_splits.json+Cholec80_splits.json,G7,0,0,1,0,0,1,1,cvs_endoscapes|anatomy_bbox,0,0,63,187,
ENDO_188,test,camma_strategy:CholecT50_splits.json+Endoscapes_splits.json+Cholec80_splits.json,G7,0,0,1,0,0,1,1,cvs_endoscapes|anatomy_bbox,0,0,153,188,
ENDO_189,test,camma_strategy:CholecT50_splits.json+Endoscapes_splits.json+Cholec80_splits.json,G7,0,0,1,0,0,1,1,cvs_endoscapes|anatomy_bbox,0,0,333,189,
ENDO_190,test,camma_strategy:CholecT50_splits.json+Endoscapes_splits.json+Cholec80_splits.json,G7,0,0,1,0,0,1,1,cvs_endoscapes|anatomy_bbox,0,0,753,190,
ENDO_191,test,camma_strategy:CholecT50_splits.json+Endoscapes_splits.json+Cholec80_splits.json,G7,0,0,1,0,0,1,1,cvs_endoscapes|anatomy_bbox,0,0,273,191,
ENDO_192,test,camma_strategy:CholecT50_splits.json+Endoscapes_splits.json+Cholec80_splits.json,G7,0,0,1,0,0,1,1,cvs_endoscapes|anatomy_bbox,0,0,63,192,
ENDO_193,test,camma_strategy:CholecT50_splits.json+Endoscapes_splits.json+Cholec80_splits.json,G7,0,0,1,0,0,1,1,cvs_endoscapes|anatomy_bbox,0,0,813,193,
ENDO_194,test,camma_strategy:CholecT50_splits.json+Endoscapes_splits.json+Cholec80_splits.json,G7,0,0,1,0,0,1,1,cvs_endoscapes|anatomy_bbox,0,0,270,194,
ENDO_195,test,camma_strategy:CholecT50_splits.json+Endoscapes_splits.json+Cholec80_splits.json,G7,0,0,1,0,0,1,1,cvs_endoscapes|anatomy_bbox,0,0,123,195,
ENDO_196,test,camma_strategy:CholecT50_splits.json+Endoscapes_splits.json+Cholec80_splits.json,G7,0,0,1,0,0,1,1,cvs_endoscapes|anatomy_bbox,0,0,393,196,
ENDO_197,test,camma_strategy:CholecT50_splits.json+Endoscapes_splits.json+Cholec80_splits.json,G7,0,0,1,0,0,1,1,cvs_endoscapes|anatomy_bbox,0,0,183,197,
ENDO_198,test,camma_strategy:CholecT50_splits.json+Endoscapes_splits.json+Cholec80_splits.json,G7,0,0,1,0,0,1,1,cvs_endoscapes|anatomy_bbox,0,0,153,198,
ENDO_199,test,camma_strategy:CholecT50_splits.json+Endoscapes_splits.json+Cholec80_splits.json,G7,0,0,1,0,0,1,1,cvs_endoscapes|anatomy_bbox,0,0,93,199,
ENDO_200,test,camma_strategy:CholecT50_splits.json+Endoscapes_splits.json+Cholec80_splits.json,G7,0,0,1,0,0,1,1,cvs_endoscapes|anatomy_bbox,0,0,183,200,
ENDO_201,test,camma_strategy:CholecT50_splits.json+Endoscapes_splits.json+Cholec80_splits.json,G7,0,0,1,0,0,1,1,cvs_endoscapes|anatomy_bbox,0,0,483,201,
